{"oos_std":0.5290361361,"coverage":0.8259109312}