{"oos_std":0.5449640814,"coverage":0.8178137652}