{"oos_std":0.5291134104,"coverage":0.8198380567}