{"oos_std":1.3972794155,"coverage":0.8502024291}