{"oos_std":0.5486148298,"coverage":0.8137651822}